encoded_message,message
0,0
64,0
65,0
17,0
16,0
33,0
128,0
129,0
9,0
32,0
1,0
5,0
2,0
4,0
3,0
8,0
146,1
219,1
218,1
215,1
214,1
211,1
210,1
209,1
195,1
194,1
147,1
82,1
208,1
83,1
242,1
243,1
21,2
68,2
69,2
80,2
81,2
20,2
85,2
86,2
84,2
213,2
212,2
92,2
93,2
117,2
116,2
87,2
133,3
166,3
199,3
130,3
131,3
132,3
134,3
167,3
150,3
151,3
135,3
6,3
7,3
143,3
142,3
198,3
24,4
157,4
156,4
185,4
184,4
155,4
154,4
153,4
152,4
25,4
217,4
145,4
144,4
136,4
137,4
216,4
78,5
202,5
203,5
107,5
106,5
10,5
66,5
11,5
91,5
90,5
67,5
72,5
73,5
79,5
75,5
74,5
236,6
200,6
201,6
76,6
204,6
205,6
206,6
207,6
197,6
196,6
221,6
220,6
77,6
141,6
140,6
237,6
159,7
158,7
30,7
62,7
31,7
27,7
63,7
23,7
22,7
94,7
95,7
26,7
28,7
29,7
15,7
14,7
232,8
224,8
225,8
226,8
227,8
241,8
233,8
240,8
229,8
228,8
161,8
192,8
193,8
96,8
97,8
160,8
34,9
35,9
179,9
178,9
115,9
49,9
55,9
18,9
59,9
58,9
54,9
51,9
19,9
50,9
114,9
48,9
182,10
180,10
188,10
189,10
177,10
176,10
183,10
181,10
245,10
244,10
165,10
164,10
52,10
53,10
149,10
148,10
102,11
118,11
119,11
103,11
101,11
100,11
99,11
98,11
71,11
70,11
230,11
231,11
39,11
38,11
110,11
111,11
88,12
89,12
57,12
56,12
249,12
248,12
104,12
105,12
122,12
113,12
120,12
121,12
123,12
112,12
125,12
124,12
163,13
175,13
43,13
42,13
234,13
235,13
171,13
170,13
162,13
139,13
174,13
169,13
186,13
168,13
187,13
138,13
12,14
13,14
36,14
37,14
109,14
108,14
40,14
60,14
173,14
44,14
45,14
46,14
47,14
61,14
172,14
41,14
251,15
250,15
247,15
246,15
253,15
252,15
127,15
238,15
223,15
222,15
191,15
190,15
254,15
126,15
239,15
255,15
