encoded_message,message
0,0
1,0
2,0
4,0
64,0
32,0
8,0
128,0
16,0
82,1
208,1
218,1
214,1
194,1
210,1
146,1
211,1
242,1
212,2
84,2
80,2
68,2
20,2
116,2
85,2
86,2
92,2
6,3
135,3
130,3
142,3
198,3
132,3
150,3
134,3
166,3
216,4
184,4
153,4
144,4
136,4
152,4
24,4
156,4
154,4
10,5
202,5
66,5
75,5
106,5
72,5
90,5
78,5
74,5
196,6
200,6
204,6
76,6
205,6
140,6
206,6
220,6
236,6
26,7
28,7
94,7
30,7
31,7
22,7
14,7
158,7
62,7
240,8
226,8
225,8
232,8
224,8
160,8
228,8
192,8
96,8
34,9
51,9
50,9
54,9
48,9
114,9
18,9
58,9
178,9
180,10
176,10
164,10
188,10
182,10
148,10
52,10
244,10
181,10
110,11
118,11
230,11
100,11
70,11
102,11
38,11
103,11
98,11
104,12
248,12
56,12
124,12
121,12
120,12
122,12
88,12
112,12
162,13
138,13
171,13
170,13
234,13
168,13
42,13
174,13
186,13
108,14
36,14
172,14
46,14
12,14
44,14
40,14
45,14
60,14
238,15
222,15
246,15
190,15
250,15
252,15
255,15
254,15
126,15
139,Uncorrectable error detected
33,Uncorrectable error detected
35,Uncorrectable error detected
223,Uncorrectable error detected
37,Uncorrectable error detected
221,Uncorrectable error detected
39,Uncorrectable error detected
219,Uncorrectable error detected
41,Uncorrectable error detected
217,Uncorrectable error detected
43,Uncorrectable error detected
215,Uncorrectable error detected
47,Uncorrectable error detected
213,Uncorrectable error detected
49,Uncorrectable error detected
53,Uncorrectable error detected
55,Uncorrectable error detected
209,Uncorrectable error detected
57,Uncorrectable error detected
207,Uncorrectable error detected
59,Uncorrectable error detected
61,Uncorrectable error detected
63,Uncorrectable error detected
203,Uncorrectable error detected
65,Uncorrectable error detected
29,Uncorrectable error detected
227,Uncorrectable error detected
27,Uncorrectable error detected
229,Uncorrectable error detected
253,Uncorrectable error detected
3,Uncorrectable error detected
251,Uncorrectable error detected
5,Uncorrectable error detected
249,Uncorrectable error detected
7,Uncorrectable error detected
247,Uncorrectable error detected
9,Uncorrectable error detected
245,Uncorrectable error detected
11,Uncorrectable error detected
243,Uncorrectable error detected
201,Uncorrectable error detected
13,Uncorrectable error detected
15,Uncorrectable error detected
239,Uncorrectable error detected
17,Uncorrectable error detected
237,Uncorrectable error detected
19,Uncorrectable error detected
235,Uncorrectable error detected
21,Uncorrectable error detected
233,Uncorrectable error detected
23,Uncorrectable error detected
231,Uncorrectable error detected
25,Uncorrectable error detected
241,Uncorrectable error detected
67,Uncorrectable error detected
69,Uncorrectable error detected
141,Uncorrectable error detected
109,Uncorrectable error detected
167,Uncorrectable error detected
111,Uncorrectable error detected
165,Uncorrectable error detected
113,Uncorrectable error detected
163,Uncorrectable error detected
115,Uncorrectable error detected
161,Uncorrectable error detected
117,Uncorrectable error detected
159,Uncorrectable error detected
119,Uncorrectable error detected
169,Uncorrectable error detected
157,Uncorrectable error detected
155,Uncorrectable error detected
125,Uncorrectable error detected
151,Uncorrectable error detected
129,Uncorrectable error detected
149,Uncorrectable error detected
131,Uncorrectable error detected
147,Uncorrectable error detected
133,Uncorrectable error detected
145,Uncorrectable error detected
137,Uncorrectable error detected
143,Uncorrectable error detected
123,Uncorrectable error detected
107,Uncorrectable error detected
105,Uncorrectable error detected
101,Uncorrectable error detected
197,Uncorrectable error detected
71,Uncorrectable error detected
195,Uncorrectable error detected
73,Uncorrectable error detected
193,Uncorrectable error detected
77,Uncorrectable error detected
191,Uncorrectable error detected
79,Uncorrectable error detected
189,Uncorrectable error detected
81,Uncorrectable error detected
187,Uncorrectable error detected
83,Uncorrectable error detected
185,Uncorrectable error detected
87,Uncorrectable error detected
183,Uncorrectable error detected
89,Uncorrectable error detected
91,Uncorrectable error detected
93,Uncorrectable error detected
179,Uncorrectable error detected
95,Uncorrectable error detected
177,Uncorrectable error detected
97,Uncorrectable error detected
175,Uncorrectable error detected
99,Uncorrectable error detected
173,Uncorrectable error detected
199,Uncorrectable error detected
127,Uncorrectable error detected
